,Anuncio,Descricao
0,https://mg.olx.com.br/belo-horizonte-e-regiao/computadores-e-acessorios/pc-gamer-top-aceito-troca-1079057916,"I5 2500 de 3.30 ghz
8gb ram 1333 MHz 
Placa mãe asus 1155 lga 
Ssd 250 gb
HD 1 Tera
Fonte comum 
Gabinete gamer 
Mouse gamer 
Teclado gamer
Formatado com Windows 10"
1,https://mg.olx.com.br/regiao-de-uberlandia-e-uberaba/computadores-e-acessorios/cpu-gamer-9-geracao-1079057870,"*CPU Computador Gamer i3 9ª i3 9100F
*Placa mãe Gigabyte H310M
*Placa de Video Asus GTX 1050 2GB
*8GB DDR4 HyperX 
*1.000GB HD Seagate Barracuda
*Fonte EVGA 650w plus Bronze 

Roda qualquer jogo...."
2,https://mg.olx.com.br/belo-horizonte-e-regiao/computadores-e-acessorios/cpu-hp-br-vendo-ou-troco-1079057853,"CPU Hp
Vendo ou troco
Memória ram 2,5 GB, HD 250, placa wirelles, processador e2220 - 2.40 GHz.
Windows 7 original
3198... ver número"
3,https://mg.olx.com.br/regiao-de-pocos-de-caldas-e-varginha/audio-tv-video-e-fotografia/caixa-de-som-bluetooth-potente-fm-recarregavel-kimiso-1079057830,"Especificações Técnicas:

- Alto falante: 5 watts
- USB/ SD / Aux
- Fonte de Alimentação: DC:5V
- Frequência: FM: 88 - 108MHz

Recursos:

- Entrada USB
- Entrada Micro SD
- Rádio FM
- Botão liga/desliga
- Alça para transporte
- Dimensões do produto sem embalagem (AxLxP) - 14cm x 11cm x 8cm
- Não acompanha controle remoto.

Itens Inclusos na embalagem:

+ 1 Caixa de som
+ 1 Cabo USB para carregamento

venha nos conhecer @banker.imports
WhatsApp (35)... ver número"
4,https://mg.olx.com.br/belo-horizonte-e-regiao/celulares/iphone-11-pro-todo-original-1079057678,"iPhone 11 Pro 
64gb 
todo original 
bateria 92%
iCloud livre 
Acompanha acessórios 
Pode busca na minha casa 
Mais inf zap 
3198... ver número
Aceito cartão até 12x"
5,https://mg.olx.com.br/belo-horizonte-e-regiao/audio-tv-video-e-fotografia/projetor-sony-1079057639,"Vendo projetor ,tá bem conservado,não tem entrada HDMI "
6,https://mg.olx.com.br/belo-horizonte-e-regiao/computadores-e-acessorios/pc-gamer-troco-por-notebook-gamer-1077605000,"Troco em Dell G15 ou Legion 5i com RTX 2060+

Configurações:

Ainda na Garantia do Fabricante:
MSI OPTIX G271 27 1MS 144HZ FHD FREESYNC HDMI/DP 
i5 10400f
RX 6600 Power Color 
GIGABYTE B550M AORUS ELITE (Está sem um parafuso que segura o Dissipador do NVME, custa alguns centavos um novo)

Fora de Garantia:
Cooler Hyper 212
2x Cooler Corsair 140mm brancos 
Memória DDR4 Zadak Twist, Black, 16GB, 3000MHz (2x8GB)
NVME 256 GB
HD 2 TB WD Green
Fonte Corsair VS600
Gabinete sem RGB, vidro temperado ( esqueci o nome mas é bem grande, e conta com suporte pra placa de video) Detalhe, apenas com um pequeno ferrugem decorrente de uma lasca de tinta que saiu na parte interna.

"
7,https://mg.olx.com.br/regiao-de-montes-claros-e-diamantina/celulares/frontal-completa-iphone-5-com-pelicula-1079057605,"Frontal iPhone 5(exceto outras variações como 5c, 5s, etc) com Película"
8,https://mg.olx.com.br/belo-horizonte-e-regiao/celulares/iphone-7-32gb-troco-por-android-1079057545,"Aparelho muito novo, 32gb, troco por Android pau a pau 
WhatsApp 31 ... ver número"
9,https://mg.olx.com.br/regiao-de-juiz-de-fora/computadores-e-acessorios/mouse-sem-fio-wireless-compacto-adaptador-usb-e-pilha-slim-1079057443,"Mouse Sem Fio 2.4 Ghz Wireless Compacto Conexão USB e Pilha Slim

Aceitamos Cartões De Crédito
ENTREGA GRATUITA E NO MESMO DIA, PARA JUIZ DE FORA!
***** Chame no Whatsapp 32 ... ver número*****

Conectividade inteligente, plug-and play;
Compacto e portátil.
Ergonomicamente projetado, punho confortável.
Design discreto e moderno.
Super economia de energia, sem luz;
Trabalhe com confiança! Com a tecnologia wireless do mouse sem fio, você terá conexão estável, praticamente sem demoras ou quedas com alcance.

Adequado para fácil transporte
Navegue rapidamente pelos documentos e sites da web graças ao seu design ultra-fino, ergonômico, leve e conveniente para transportar onde você quiser ou viajar.
O sistema de detecção de movimento óptico lhe permitirá mover o cursor de uma forma mais precisa e sensível.

- Posicionamento preciso;
- Tecnologia de Hibernação automática;
- Transmissão de longa distância, até 8 metros;
- Fácil transporte.
Requisito do sistema:
- Microsoft - Windows XP/Vista/7/8/10
- Mac OSX V10.4X-10.5X
- USB

*O conector do mouse está dentro do mouse.

Aceitamos Cartões De Crédito
ENTREGA GRATUITA E NO MESMO DIA, PARA JUIZ DE FORA!
***** Chame no Whatsapp 32 ... ver número*****"
10,https://mg.olx.com.br/regiao-de-pocos-de-caldas-e-varginha/audio-tv-video-e-fotografia/caixa-de-som-jb-charge-mini-3-bluetooth-sd-pen-drive-recarregavel-portatil-1079057432,"Tamanho aproximado: (CxLxA) 17 x 6,2 x 6,3 cm

Modelo: Charge Mini 3+

Material: ABS, Acrílico, Metal

Peso Aproximado: 438 gramas

Versão Bluetooth: 4.1

Potência Nominal: 14w Rms Bivolt

Resposta de Frequência: 70-20kHz

Tempo de Carga da Bateria: Aproximadamente 3,5 horas

Tempo de Reprodução de Música: Até 10 horas (dependendo do volume e do tipo de som)

venha nos conhecer @banker.imports
WhatsApp (35)... ver número"
11,https://mg.olx.com.br/regiao-de-governador-valadares-e-teofilo-otoni/audio-tv-video-e-fotografia/fone-bluetooth-1079057272,"Em até 4x de R$ 11,25Ver parcelas"
12,https://mg.olx.com.br/belo-horizonte-e-regiao/computadores-e-acessorios/ssd-normal-e-nvme-m2-frete-gratis-p-bh-1079057251,"
SSD Sata e NVME M2
256gb, 512gb e 1TB
Netac e kingSpec.

A melhor qualidade e custo benefício.

Aceitamos todos os cartões de Crédito (consultar taxas para parcelamento), parcelamos em até 12x com a menor taxa do mercado, pagamento via pix, picpay e transferência bancaria.

256gb Sata 3 R$ 199,90
512gb Sata 3 R$ 299,90
256gb NVME R$ 219,90
512gb NVME R$ 319,90
1TB NVME R$ 549,90

Entregamos em BH com frete grátis.
Consultar fretes para outras regiões.
Whatsapp (031) ... ver número"
13,https://mg.olx.com.br/belo-horizonte-e-regiao/celulares/galaxy-watch4-lte-44mm-1079057232,"Relógio Galaxy Watch LTE 44mm em perfeito estado. Está com película na tela. 3 meses de uso. Vendendo com pena e dor no coração kkkk, apenas pelo motivo de incompatibilidade com o iPhone 12. Mudei a marca do celular e infelizmente não consegui conectá-lo."
14,https://mg.olx.com.br/belo-horizonte-e-regiao/computadores-e-acessorios/gtx-1050-ti-windforce-oc-4g-1079057126,"Estou usando ela atualmente enquanto não enquanto não vendo ela, 2 anos de uso.
Chipset
GeForce® GTX 1050 Ti
CUDA® Cores
768
Memory Clock
7008 MHz
Memory Size
4 GB
Memory Type
GDDR5
Memory Bus
128 bit
Card Bus
PCI-E 3.0 x 16
Digital max resolution
7680x4320
Multi-view
4
Card size
H=40 L=229 W=118 mm
PCB Form
ATX
DirectX
12
OpenGL
4.5
Power requirement
300W
Power Connectors
6 pin*1
Output
Dual-link DVI-D *1
HDMI-2.0b*3 (Max Resolution: 4096x2160 @60 Hz)
Display Port-1.4 *1 (Max Resolution: 7680x4320 @60 Hz)"
15,https://mg.olx.com.br/regiao-de-montes-claros-e-diamantina/celulares/iphone-6s-1079057096,Iphone Apple 6s com carregador e poucas marcas de uso 
16,https://mg.olx.com.br/belo-horizonte-e-regiao/computadores-e-acessorios/pc-gamer-ryzen-7-5700g-com-video-integrado-com-monitor-aoc-27-144hz-1078531367,"Vendo PC GAMER Ryzen 7 com monitor, valor pago na compra : R$ 6.200,00 Data do pedido:  19/04/2022 .
Computador com 4 meses de uso apenas, estou vendendo pois preciso do dinheiro, tenho notas exceto as caixas, aceito propostas.

SSD Kingston NV1, 250GB, M.2 2280, PCIe NVMe, Leitura 2100 MB/s, Gravacao 1100 MB/s, SNVS/250G 

Placa Mae Asus TUF GAMING B550M-PLUS DDR4 Socket AM4 Chipset AMD B550 

Processador AMD Ryzen 7 5700G, 8-Core, 16-Threads, 3.8GHz (4.6GHz Turbo), Cache 20MB, AM4, 100-100000263BOX

Fonte Corsair CX Series CX450M, 80 Plus Bronze 450W Semi-Modular, CP-9020101-BR

2 Pentes Memória Corsair Vengeance LPX 8GB 3000Mhz DDR4 C16 Black - CMK8GX4M1D3000C16

Water Cooler Pcyes Sangue Frio 2 120mm - PSF2120H33PTSL

Monitor Gamer AOC Hero 27"" IPS 144Hz 1ms FHD G-Sync VGA/HDMI/DP, 27G2/B"
17,https://mg.olx.com.br/belo-horizonte-e-regiao/celulares/moto-one-1079057027,"Moto one 
64 gigas
Tudo funcionando
Apenas película trincada
Contem carregador e nota fiscal
480,00"
18,https://mg.olx.com.br/belo-horizonte-e-regiao/celulares/carregador-iphone-turbo-20w-original-entrega-gratuita-em-toda-bh-1079056962,"Carregador Anker PowerPort Ill 20w
? R$ 99,90 a vista ou R$ 119,90 12x sem juros
? Aceitamos todos os cartões de Crédito (consultar taxas para parcelamento), pagamento via pix, picpay e transferência bancaria.
? Entregamos em BH e Região - Algumas regiões com frete grátis.
?(031) ... ver número

Seu Iphone novinho não veio com a fonte tipo C 20W né?

Não se preocupe, aqui voçe encontra um das melhores marcas de carregadores do mercado com um super preço

Carregador Anker PowerPort Ill 20w

Chegou o carregador Turbo que faltava para seu aparelho.
Compatibilidade universal: a tecnologia PowerIQ 3.0 exclusiva da Anker oferece suporte a uma ampla gama de protocolos de carregamento para garantir compatibilidade perfeita e velocidades de carregamento otimizadas para praticamente qualquer dispositivo móvel.

Dentre eles os modelos:
Iphone 8, X, 11, 12, 13, Pro, Pro Max.

Samsung Galaxy S20, S21, FE,Ultra.

Potência de Saída Total 20W Entrada: 100-240V 0.6A 50 60Hz Saída: 5V ¿ 3A 15W / 9V ¿ 2.22A 20W Dimensões: mm x mm x 33 39 40mm (não incluindo a ficha)

Apenas 33mm de espessura,você pode facilmente levar este carregador de alta-velocidade com você em qualquer lugar.


Melhor Fonte custo benefício do mercado, com uma qualidade diferenciada, quem possui uma dificilmente acaba retornando para outra."
19,https://mg.olx.com.br/regiao-de-juiz-de-fora/computadores-e-acessorios/webcam-usb-camera-stream-youtube-aula-ead-reuniao-plug-play-1079056943,"Webcam Full Hd 1080p Usb Câmera Stream Alta Resolução com Microfone para Computador Plug & Play Mini

Pronta entrega! Aceitamos Cartões De Crédito 
ENTREGA GRATUITA E NO MESMO DIA, PARA JUIZ DE FORA! 
********* Me Chame no Whatsapp 32 ... ver número***********

FULL HD 1080P USB CÂMERA STREAM ALTA RESOLUÇÃO
? Alta Resolução;
? Plug and Play (basta plugar);
? Ótima para trabalhar Home Office, fazer Lives, participar de aulas onlines;
? Comprimento do fio: 1,3 metros;
? Tamanho: 7cm x 5cm;
? Tipo de interface: USB 2.0;
? Foco ajustável;
? Microfone integrado;
? Ajuste universal para notebooks ou monitores.

Itens Inclusos:

01x Webcam Full Hd;
01x Manual de Instruções.

Suas transmissões em 1080p não deixam nenhum detalhe escapar com qualidade, nitidez e cores vibrantes.
 Lente de 2.0MP + autofoco - o rápido foco automático permite que o vídeo seja mais nítido e com 2.0MP ela serve para todos os tipos de aplicação. 

Microfone integrado - o microfone com redução de ruídos irá garantir que suas transmissões serão ouvidas em alto e bom som.

- Microfone com cancelamento de ruído
- Clipe universal para notebooks ou monitores
- Auto-ajuste de iluminação
- Plug and Play: USB 2.0
- Cor: Preto
- Base giratória 360º
Tamanho: 7 Cm x 5 Cm
Comprimento do fio: 1,3 metros.
Peso: 62g

Vídeo HD: Vídeo Full HD , foco automático e correção avançada de luz para conversas nítidas e precisas. Fácil de usar: conexão USB Plug-And-Play para PC ou Mac com Windows. Campo de visão de 360 graus: veja mais em Widescreen Real sem precisar reposicionar a câmera. Microfones Omnidirecionais Integrados: microfones estéreo para captação de voz nítida e limpa. Obturador de privacidade conveniente: Fechamento fácil da lente para maior privacidade e segurança. Múltiplas opções de montagem: Rosca de clipe e tripé integrada para fácil montagem em monitores LCD, laptops e mesas. Dispositivo de suporte: Suporte para o sistema operacional Windows 2000, XP, XP2, Vista, Win7, Win8, Win10, MacOS, sistema operacional Linux .

Pacote Inclui:
01 Webcam Full Hd
01 Manual de Instruções

Pronta entrega! Aceitamos Cartões De Crédito 
ENTREGA GRATUITA E NO MESMO DIA, PARA JUIZ DE FORA! 
********* Me Chame no Whatsapp 32 ... ver número***********"
20,https://mg.olx.com.br/belo-horizonte-e-regiao/celulares/iphone-11-preto-excelente-1079056884,"iPhone 11 black 64GB em ótimo estado, acompanha película de privacidade, película traseira na câmera e 2 cases, oportunidade.

Analiso ofertas de troca.

"
21,https://mg.olx.com.br/belo-horizonte-e-regiao/celulares/iphone-8-plus-1079056777,"Motivo era venda: comprei outro. iPhone 8 Plus com 64GB sem NENHUMA marca de uso, tudo perfeito!!! com a nota fiscal. para mais informações chamar no chat. "
22,https://mg.olx.com.br/regiao-de-uberlandia-e-uberaba/computadores-e-acessorios/notebook-gamer-dell-g15-rtx-3050-display-120-hz-original-na-caixa-16gb-ram-1077603830,"Modelo: Notebook Gamer
DELL G15-i1100-M30P

Especificações e Conclusões, respectivamente: 

DELL G15 com Windows 11 

Processador Intel Core i5 11400H de 11ª geração, voltado para melhor desempenho gráfico. 

Placa de vídeo dedicada GeForce RTX 3050 (4GB VRAM) 

Tela de 120 Hz  FHD 15.6""

512GB de armazenamento do tipo SSD, que torna mais rápida a inicialização de jogos 

16 GB de Memória RAM ( 2 x 8 GB ): 

-1 Memória RAM de 8GB fábrica [-3200mHz base]
-1 Memória RAM de 8GB Crucial [-3200mHz em XMP (config para obter o max da Ram)] 

** RAM Expansível ate 32GB ** 

Teclado retroiluminado em cores RGB
__________________________________________

Computador ainda novo, pouquíssimo tempo de uso, vai acompanhado da caixa original e de nota fiscal, ainda com garantia da fabricante DELL.
Unica modificação feita por mim foi a adição de um pente de 8GB de memória ram para trabalhar em dual-channel e garantir maior estabilidade quando em ""multi-tarefas"".
__________________________________________ 
*Retirada em mãos somente Araguari (MG)*
__________________________________________ 

Detalhamento da minha experiência:
É um notebook muito versátil, rápido e estável para qualquer jogo/trabalho pesado, pois a RTX aguenta bastante a demanda e o processador não deixa a desejar.
E apesar do teclado ser em formato de teclas Americano, é possível acostumar a usá-lo em ABNT (português) tranquilamente. É potente o suficiente para rodar todos os jogos da atualidade em qualidade satisfatória e a nível competitivo, sem travas nem ""stutter"". A exemplo disso, eu costumava jogar Warzone a mais de 100FPS estáveis nele, e outros jogos como Rocket League rodam a + de 244 FPS. A tela com brilho potente e espectro de cores grande + a taxa de atualização de 120Hz deixam qualquer gameplay rodando lisa.
Alguns reclamam a respeito da temperatura, no entanto, se você fizer configurações simples para regulagem da mesma, não encontrará problemas. Assim como eu não tive. 
Dica: ThrottleStop é um exemplo simples para tal config.
__________________________________________ 


Atenciosamente, Luciano."
23,https://mg.olx.com.br/belo-horizonte-e-regiao/audio-tv-video-e-fotografia/camera-filmadora-1079056765,Camera HD 319... ver número
24,https://mg.olx.com.br/regiao-de-uberlandia-e-uberaba/computadores-e-acessorios/pc-gamer-novo-pessoas-exigentes-ryzen-5-pro-2400ge-16gb-1079056647,"Os computadores da Heti Informática são montados com todo cuidado possível, por especialista de hardware com formação e certificação.

Todas as montagens passam por testes de desempenho, as peças são novas e com garantia.

Sinta se a vontade para tirar todas as dúvidas necessárias.

WhatsApp - (34)... ver número

Informações do Computador:

Processador - AMD Ryzen 5 PRO 2400GE
Memória RAM DDR4 8GB x2 3000MHz - 16GB
Armazenamento SSD NVME - 500GB
Fonte de Alimentação - 500W 80 Plus Bronze
Gabinete - Gamer com vidro temperado
Cooler Fan - 6 Coloridos
Garantia - 6 Meses

Formas de pagamentos:

PIX, Boleto e Cartão de Crédito.

Valores para parcelamento no cartão de crédito:

1 x R$ 3.500,00
2 x R$1,831,31
3 x R$1,228,72
4 x R$ 927,50
5 x R$ 746,75
6 x R$ 626,23
7 x R$ 543,54
8 x R$ 478,61
9 x R$ 428,15
10 x R$ 387,77
11 x R$ 354,76
12 x R$ 327,24"
25,https://mg.olx.com.br/regiao-de-montes-claros-e-diamantina/celulares/capas-cases-para-celulares-varios-modelos-disponiveis-1079056448,"?CAPAS CASE AVELUDADAS PARA CELULARES?

Siga nossa loja no Instagram e não perca as novidades ?
https://instagram.com/junioor_software

Deixe seu aparelho elegante e mais protegido com essas lindas capinhas , temos para vários modelos das seguintes marcas abaixo

?XIAOMI
?MOTOROLA
?IPHONE
?LG
?SAMSUNG

Consulte disponibilidade do seu modelo e cores

            ?Apenas 20,00$ avista?
?Aceitamos cartões consulte condições ?

ENTREGAMOS NA MAIORIA DOS BAIRROS DE MOC

WHATSAPP: (38)... ver número"
26,https://mg.olx.com.br/belo-horizonte-e-regiao/computadores-e-acessorios/logitech-g203-custom-paracord-feets-tiger-grip-hotline-1079056449,"Mouse TOP custom, novinho. Em mãos da pra ver melhor. Vendendo nesse preço porque preciso muito de dinheiro.

Aceito trocas do meu interesse."
27,https://mg.olx.com.br/regiao-de-pocos-de-caldas-e-varginha/audio-tv-video-e-fotografia/mini-caixa-de-som-resistente-agua-para-banho-caixinha-banheiro-bluetooth-android-e-ios-1079056436,"? DESCRIÇÃO DO PRODUTO:
- Compre seu alto falante Bluetooth e se divirta ouvindo suas músicas favoritas na beira da piscina, ou durante o banho.
- Compatível com todos os celulares e Smartphones do mercado que possua a tecnologia Bluetooth.
- O alto falante é impermeável: Pode ser usado no banho, piscina, praia ou qualquer outro ambiente úmido.
- Você pode conectá-lo ao seu telefone celular, tablets, notebooks ou com qualquer outro equipamento que tenha Bluetooth.
- A qualidade e potência do som estéreo chegam a ser inacreditável.
- O alto falante ainda conta com cm microfone embutido para as suas chamadas telefônicas.
- A ventosa de alta fixação permite que o alto falante seja fixado em vários lugares diferentes.
- Sua bateria é recarregável e integrada, podendo ser recarregada através do cabo USB.

ITENS INCLUSOS:
01 Caixa de som água bts-06.
01 Manual.
01 Cabo Dc5V(carregador).

venha nos conhecer @banker.imports
WhatsApp (35)... ver número"
28,https://mg.olx.com.br/regiao-de-uberlandia-e-uberaba/celulares/samsung-flip3-5g-128-giga-8-meses-de-uso-1079056014,Entrego em Uberlândia ou Uberaba não envio troco por iPhone 13 pra cima ou s22 ultra passo cartão com juros da máquina 
29,https://mg.olx.com.br/regiao-de-montes-claros-e-diamantina/celulares/iphone-11-pro-max-256-gb-1079055990,"iPhone com 85% de saúde da bateria

Completo acompanha caixa fone e carregador. "
30,https://mg.olx.com.br/belo-horizonte-e-regiao/computadores-e-acessorios/impressora-epson-1800-semi-nova-1079055902,"A Impressora Epson Tanque de Tinta L1800 foi feita para quem busca qualidade fotográfica em suas impressões. Desenvolvida para fotógrafos, arquitetos, estúdios fotográficos e/ou agências de design, ela une a maior resolução de impressão do segmento, injeção de gotas de tintas tão pequenas quanto 1,5 picolitros e a utilização de 6 cores de tinta (Preto, Ciano, Magenta, Amarelo, Ciano Claro e Magenta Claro), oferecendo impressão de qualidade incomparável, altíssima riqueza de detalhes e ainda tinta de secagem rápida.
Além disso, a L1800 conta com tecnologia Ecotank que permite alto rendimento e baixíssimo custo de impressão."
31,https://mg.olx.com.br/regiao-de-uberlandia-e-uberaba/computadores-e-acessorios/gpu-nvidia-tesla-m40-1079055778,"Excelente GPU Nvidia Tesla M40, 24 gb, em perfeito estado de uso e conservação. É necessário a motherboard ter o recurso 4G Decoding para funcionar. O Valor anunciado de 3500 reais é referente as duas  GPU's."
32,https://mg.olx.com.br/belo-horizonte-e-regiao/computadores-e-acessorios/notebook-gamer-seminovo-samsung-odyssey-i7-16gb-geforce-gtx-1060-6gb-ssd-128gb-hd-1tb-1076236519,"Notebook Gamer Seminovo em perfeito estado e em pleno funcionamento. 

Especificações Técnicas:
- Processador Intel Core i7 7700HQ
- Placa de Vídeo NVIDIA GeForce GTX 1060 (6GB VRAM)
- 16GB Memória RAM
- SSD M2 240GB
- HD 1TB"
33,https://mg.olx.com.br/regiao-de-pocos-de-caldas-e-varginha/audio-tv-video-e-fotografia/tv-led-samsung-32-polegadas-semi-nova-nao-smart-1079055552,"Televisão LED Samsung 32 polegadas, bem preservada e limpa. Sem marcas de dedo, sem arranhões.

Acompanha:

- 1 controle
- 1 cabo de alimentação 

- 2 entradas HDMI
- 2 Entradas USB
- Entradas AV
"
34,https://mg.olx.com.br/belo-horizonte-e-regiao/audio-tv-video-e-fotografia/tourobox-pro-liberador-instalamos-entrega-gratuita-em-toda-bh-1079055526,"Touro Box Pro 2gb memoria Ram, Canais, Filmes e séries.

? R$ 499,90 no Dinheiro ou Pix.
? Parcelado No Cartão:
1x 514,67
2x 261,48 = 522,96
3x 175,70 = 527,10
4x 132,84 = 531,36
5x 107,15 = 535,63
6x 90,02 = 539,97
7x 77,81 = 544,43
8x 68,65 = 548,92
9x 61,56 = 553,48
10x 55,88 = 558,17
11x 51,19 = 562,89
12x 47,34 = 567,75

? Entregamos em BH e Região - Algumas regiões com frete grátis.
?(031) ... ver número"
35,https://mg.olx.com.br/belo-horizonte-e-regiao/videogames/cartucho-sonic-the-hedgehod-game-gear-1079055324,Cartucho do jogo ?Sonic The Hedgehod? para Game Gear da Sega. Original e acompanha case da Sega.
36,https://mg.olx.com.br/belo-horizonte-e-regiao/audio-tv-video-e-fotografia/xplus-2gb-nova-versao-entrega-gratuita-em-toda-bh-1079055285,"In XPlus 2gb Ram

Funciona apenas com a internet.

? R$ 479,90 no Dinheiro ou Pix.
? Parcelado No Cartão:
1x 494,08
2x 251,02 = 502,04
3x 168,67 = 506,01
4x 127,54 = 510,10
5x 102,84 = 514,20
6x 86,41 = 518,36
7x 74,69 = 522,65
8x 65,87 = 526,96
9x 59,09 = 531,33
10x 53,62 = 535,84
11x 49,17 = 540,37
12x 45,52 = 545,03

? Entregamos em BH e Região - Algumas regiões com frete grátis.
?(031) ... ver número"
37,https://mg.olx.com.br/belo-horizonte-e-regiao/celulares/ipad-9-256-gb-novo-lacrado-1068757305,"Aparelhos NOVOS LACRADOS 

Originais e Homologados pela ANATEL 

Possuem NOTA e 1 ano garantia APPLE 

Parcelo em até 12 X no cartão de crédito.

NÃO ABAIXO O VALOR !!!

NÃO FAÇO ENVIO 
TENHO LOJA FÍSICA EM BH E ENTREGO EM MÃOS TAMBÉM 

Watsap (31)... ver número"
38,https://mg.olx.com.br/belo-horizonte-e-regiao/celulares/iphone-13-pro-max-128-gb-novos-promocao-de-agosto-1073540546,"Aparelho NOVO LACRADO 

Original e Homologado pela ANATEL 

Possui NOTA e 1 ano garantia APPLE 

Parcelo em até 12 X no cartão de crédito.

NÃO ABAIXO O VALOR !!!

NÃO FAÇO ENVIO 
TENHO LOJA FÍSICA EM BH E ENTREGO EM MÃOS TAMBÉM 

Watsap (31)... ver número"
39,https://mg.olx.com.br/regiao-de-montes-claros-e-diamantina/celulares/iphone-11-64gb-955706328,"Iphone 11 64gb Branco Lacrado Garantia apple de 1 ano

R$ 3450,00

Com brindes de capinha película

Temos toda a linha de Xiaomi e iPhone disponíveis com os melhores preços da região .. dividimos em até 18x e garantia em todos os telefones

Loja 164a/b 3° Piso - Shopping popular

@Velocellxiaomi
(38)... ver número - Loja
(38)... ver número - Tiago"
40,https://mg.olx.com.br/regiao-de-pocos-de-caldas-e-varginha/celulares/iphone-xs-max-1079055163,"Celular super conservado, apenas um trinco no VIDRO da câmera, que não afeta a qualidade, 88% está a saúde da bateria, nunca abri o celular e nem troquei nada, vendendo pois preciso de dinheiro, se alguém chegar com 8 plus ou 7 plus com uma volta bacana eu pego, Pouso Alegre e região eu busco, dependendo cobro taxa."
41,https://mg.olx.com.br/belo-horizonte-e-regiao/celulares/celular-samsung-1079055071,"Celular Samsung M52, novíssimo, na caixa, nunca usado, com nota fiscal. 
Obs.: Não aceito troca e nem negocio valor."
42,https://mg.olx.com.br/regiao-de-montes-claros-e-diamantina/celulares/fone-bluetooth-1079055032,"Vendo fone novo. Bateria muito boa.

Entrego 
"
43,https://mg.olx.com.br/regiao-de-montes-claros-e-diamantina/computadores-e-acessorios/vendo-pc-gamer-1079054800,"Jogava CSGO e GTAV 
i3 3220
8gb de ram
500gb HD
Fonte 500w real
Placa de vídeo Radeon hd5890 1gb DDR5
Aceito cartao"
44,https://mg.olx.com.br/belo-horizonte-e-regiao/celulares/iphone-11-usado-256-gb-mais-informacoes-chama-no-chat-1079054654,Mais informações chama no chat aq pela OLX 
45,https://mg.olx.com.br/belo-horizonte-e-regiao/audio-tv-video-e-fotografia/mine-camera-fone-celular-1079054628,Mine Camera com entrada cartão de memória sem wi-fi só gravação 79 reais... fone celular original 60 reais.. cabo HD conversion cable HDTV para notebook.. tv..esmart...e outros..
46,https://mg.olx.com.br/belo-horizonte-e-regiao/computadores-e-acessorios/gt-210-1079054568,"Vendo gpu GT 210 
Motivo: comprei uma melhor (a gigabyte da foto)
Usava ela para vídeo no PC já que meu processador não tem vídeo, ela e bem básica!

Dependendo do local, faço a entrega!"
47,https://mg.olx.com.br/regiao-de-juiz-de-fora/celulares/carregador-portatil-slim-pineng-bateria-extra-power-bank-5000mah-1079054562,"                 Aceitamos Cartões De Crédito
ENTREGA GRATUITA E NO MESMO DIA, PARA JUIZ DE FORA!
***** Chame no Whatsapp 32 ... ver número*****

Novo Lançamento Slim, com Painel em Led para acompanhar a capacidade e potencia de carga. Pineng de 5000mAh de alta capacidade e velocidade de Carregamento, com a tecnologia quick charger 3.0 que possui a função turbo nativa para carregamento. Suficiente para continuar por uma longa jornada em um
Dia fora, viagens ou emergência.

Bateria de polímero de lítio de alta densidade incorporada, boa eficiência para o armazenamento de energia

Novidade - Três entradas usb para Carregamento.
Possui 3 entradas USB, uma lightining (iphone), tipo C (type-C)
E micro Usb (maioria dos celulares). Pode usar qualquer cabo com uma
Das entradas que servirá perfeitamente Isso que é ser carregador universal.

Três Saídas USB
Uma saida Turbo Quick Charger 3.0 para carregamento ultra rápido para os aparelhos que oferecem suporte e 2 saídas com corrente 2.4A podem carregar telefones, almofadas
Ou outros pequenos dispositivos eletrônicos simultaneamente
Compatível com a maioria dos celulares, tablets
E outros dispositivos móveis pequenos. Serve para toda linha Iphone,
Ipad, Samsung Galaxy e Outros

Material exterior em ABS e PC
Feito de materiais ABS e PC ecológicos com processo de fundição sob
Pressão ultra-Sônica, proporcionando um sentimento de mão confortável

Parâmetros:
Capacidade: 5000mAh, 74Wh
Bateria: polímero de lítio de alta densidade
Entrada: 5V 3A/2A (8 Pin 2A / Type-C 3A / Micro USB 2A)
Saída USB: 1 Saida USB de 5V 3.0A e 2 Saidas USB de 5V 2.1A
Dimensões: 20x9,5x1cm
Peso: Aprox. 400g

Itens Inclusos:
1 X Pineng Slim 5000mah
1 X Manual

Não acompanha cabo usb para carregamento, para poder ser usado qualquer por qualquer Cabo para carregamento do power bank

                 Aceitamos Cartões De Crédito
ENTREGA GRATUITA E NO MESMO DIA, PARA JUIZ DE FORA!
***** Chame no Whatsapp 32 ... ver número*****"
48,https://mg.olx.com.br/regiao-de-pocos-de-caldas-e-varginha/computadores-e-acessorios/caixa-de-som-mini-caixinha-bluetooth-portatil-usb-sd-fm-1079054546,"CARACTERISTICAS
- Caixa Bluetooth com atendimento de chamadas
- Entrada USB
- Cartão de memoria
- Pendrive
- Bateria recarregável
- Microfone embutido
- Acompanha cabo USB
- Sintoniza radio FM
- Compacta, de facil transporte, com boa potencia e qualidade de audio.

Itens Inclusos:
- 01 Mini Caixa de Som
- 01 Cabo USB/Mini USB para carregamento
- 01 Manual em português(BR)

venha nos conhecer @banker.imports
WhatsApp (35)... ver número"
49,https://mg.olx.com.br/belo-horizonte-e-regiao/celulares/kit-jogo-chave-precisao-32-em-1-le-943-lelong-celular-fenda-phillips-torx-allen-y-655541679,"Compre na Loja Física ou no Site www ConectarOiapoque
Conectar Oiapoque Aqui você Economiza de Verdade!!!

ATENDIMENTO E SUPORTE 24Hrs, via Telefone, Chat, WhatsApp e Mensagens 
Tel Fixo: (31)... ver número
Compre na Loja Física ou no Site www ConectarOiapoque
Conectar Oiapoque Aqui você Economiza de Verdade!!!

ATENDIMENTO E SUPORTE 24Hrs, via Telefone, Chat, WhatsApp e Mensagens .
Tel Fixo: (31)... ver número
WhatsAppTel: (31)... ver número / (31)... ver número 

Somos uma Loja de Produtos de Vários Segmentos, Localizada na Área Central de BH-MG. Temos mais de 15 anos de Tradição. Preço,Qualidade e Atendimento é o nosso Forte.

Todos os Produtos Novos, Lacrados na Caixa. 
90 Dias de Garantia.
Pagamento em até 12x no Cartão de Crédito(com acréscimo).
Retire em nossa Loja Física ou Entregamos via Motoboy (Consulte Taxa de Entrega).

Kit perfeito para qualquer técnico profissional ou pessoa que quer reparar qualquer dispositivo eletrônico tais como celular, smartphone, tablets entre outros. Perfeito para o uso no dia a dia. Fácil de transportar e usar.

DESCRIÇÃO:
Este é um estojo com um conjunto completo de ferramentas para abertura com chaves universais de fenda profissionais ideal para abrir e reparar telefones celulares smartphones como iPhone Apple, Sony Xperia Z, Samsung Galaxy, Zenfone, Tablet, IPAD e praticamente qualquer outro dispositivo eletrônico. Material de alta durabilidade em aço cromo com acabamento perfeito. Estojo em acrílico. Chave com cabo ergonômico de pegada fácil (feito de material de pc com handle antiderrapante).

O jogo de ferramentas contém:
Chave Tork: T3, T4, T5, T6, T7, T8, T9, T10, T15, T20;
Chave Philips: 1.0, 1.5, 2.5, 3.0;
Chave de Fenda: 1.3, 1.5, 2.0, 2.5, 3.0, 4.0;
Chave Hexagonal Allen: H1.3, H1.5, H2.0, H3.0, H4.0;
Chave Estrela (5 Pontas): 2.0, 3.0;
Chave Y: 3.0;
Chave Triangulo: 2.3;
Chave U: 2.6;
1 Chave cabo extensor de 6cm para maiores distâncias;
1 Ferramenta para adaptar as chaves.

* Fotos meramente ilustrativas.

ESPECIFICAÇÕES:
Marca: Lelong;
Modelo: Le-943;
Peso aproximado do estojo: 180g;
Dimensões aproximadas do estojo: 15,8cm x 9,7cm x 2,3cm.

ITENS INCLUSOS:
1 Jogo de ferramentas Le-943 Lelong contendo:
30 Pontas chaves;
1 Chave cabo extensor de 6cm para maiores distâncias;
1 Ferramenta para adaptar as chaves;
1 Pinça extensa;
1 Estojo de acrílico.

Atacado e Varejo!!!
Temos Preços Especiais para você Lojista-Revendedor
Ligue-nos e Faça uma Consulta!

CONECTAR, BARATO É AQUI !!!
Não Encontrou o que Procurava? 
Nós Achamos e Levamos até Você!!!"
50,https://mg.olx.com.br/regiao-de-governador-valadares-e-teofilo-otoni/celulares/celular-samsung-s20-1079054525,"Celular Samsung S20+ 128 GB
Semi novo. Zero arranhao.
Possui caixa.
Única dona
"
51,https://mg.olx.com.br/belo-horizonte-e-regiao/celulares/iphone-12-semi-novo-64gb-1066620678,"Aparelhos SEMI NOVOS e ORIGINAIS 

IMPECÁVEIS sem marcas de uso para pessoas EXIGENTES 

Homologados pela Anatel 

Acompanham nota e garantia 

Parcelo em até 12 X no cartão de crédito.

NÃO ABAIXO O VALOR !!! 
NÃO INSISTA 

TENHO LOJA FÍSICA EM BH E ENTREGO EM MÃOS TAMBÉM 

Watsap (31)... ver número"
52,https://mg.olx.com.br/belo-horizonte-e-regiao/celulares/ipad-9-256gb-novo-lacrado-1066700413,"Aparelhos NOVOS LACRADOS 

CONSULTE NOSSAS CORES DISPONÍVEIS! 

Originais e Homologados pela ANATEL 

Possuem NOTA e 1 ano garantia APPLE 

Parcelo em até 12 X no cartão de crédito.

NÃO ABAIXO O VALOR !!!

TENHO LOJA FÍSICA EM BH E ENTREGO EM MÃOS TAMBÉM 

Watsap (31)... ver número"
53,https://mg.olx.com.br/belo-horizonte-e-regiao/celulares/iphone-13-128gb-novo-super-promocao-1071009143,"Aparelhos NOVOS LACRADOS 

CONSULTE NOSSAS CORES DISPONÍVEIS! 

Originais e Homologados pela ANATEL 

Possuem NOTA e 1 ano garantia APPLE 

Parcelo em até 12 X no cartão de crédito.

NÃO ABAIXO O VALOR !!!

TENHO LOJA FÍSICA EM BH E ENTREGO EM MÃOS TAMBÉM 

Watsap (31)... ver número"
54,https://mg.olx.com.br/belo-horizonte-e-regiao/celulares/bateria-portatil-power-bank-sem-fio-wireless-620589132,"CONECTAR, AQUI VOCÊ ECONOMIZA DE VERDADE !!!

ATENDIMENTO E SUPORTE 24Hrs, via Telefone, Chat, WhatsApp e Mensagens 
Tel Fixo: (31)... ver número
WhatsApp: (31)... ver número e (31)... ver número

Somos uma Loja de Produtos de vários Segmentos, Localizada em BH, Minas Gerais, com mais de 15 anos de Tradição. Preço, Qualidade e Atendimento é o nosso Forte.
Temos todos os Produtos a Pronta Entrega.

Bateria Portatil Pineng Power Bank S/ Fio Wireless Qi Pn-888

DESCRIÇÃO
Bateria portátil 2x1 - USB e sem fio .
Carregador portátil da marca Pineng modelo Pn-888 de 1000Mah Original.
Aceita carregamento via USB e sem fio wireless Qi .

Carregamento sem fio compatível com Iphone 8, X , XR, XS, XS Max, Linha Samsung S6, S7, S8, S9, Note e as demais marcas e modelos compatíveis com a tecnologia sem fio Qi.
Os demais modelos podem carregar em modo normal via USB .

CARACTERÍSTICA
Marca: Pineng
Modelo: PN-888
Cor: branco
Voltagem: AC 5.0V
Bateria: 10.000mAh
Dimensões: 10 x 18.5 x 2.5 cm
Peso: 330 gramas
Compatibilidade: dispositivos com porta USB e tecnologia Wireless sem fio
Portas: 2x USB 2.0 - Micro USB

Fizemos teste no carregamento sem fio em iPhone X, iPhone 8 e 8 plus, Galaxy S6, S7, S8 e Edge; compatível com todos celulares com carregamento USB e wireless sem fio .

Produtos a Pronta Entrega.
Oferecemos a Praticidade de você, nosso Cliente, Retirar os Produtos na nossa Loja Física que Fica na área Central de BH, MG. 
Também Oferecemos o Serviço de Delivery, Entregamos nossos Produtos e Serviços onde você estiver, via Plataforma de Motoboy com Geolocalização, onde você acompanha a entrega, em Tempo Real.

ATACADO E VAREJO
Temos preços especiais para você Lojista Revendedor.
Ligue-nos e faça uma consulta!

CONECTAR, BARATO É AQUI !!!
Não encontrou o que Procurava? 
Nós achamos e levamos até Você!!!"
55,https://mg.olx.com.br/belo-horizonte-e-regiao/computadores-e-acessorios/vapi-1079054375,450 passo cartão
56,https://mg.olx.com.br/regiao-de-uberlandia-e-uberaba/audio-tv-video-e-fotografia/tv-box-mxq-pro-4k-8g-64gb-1079054330,"FAZEMOS ENTREGAS - CONSULTE TAXA

Chame no Whats 34*99217*8336

NÃO RESPONDEMOS CHAT

- VALORES VÁLIDOS PARA A DATA DA PUBLICAÇÃO -

CONSULTE DISPONIBILIDADE EM ESTOQUE"
57,https://mg.olx.com.br/belo-horizonte-e-regiao/videogames/xbox-one-s-1tb-4k-hdr-1079054295,XBOX ONE S 1TB 4K HDR USADO EM PERFEITO ESTADO/TROCO EM PC GAMER
58,https://mg.olx.com.br/regiao-de-uberlandia-e-uberaba/computadores-e-acessorios/placa-mae-processador-e-memoria-ram-1079054210,"Placa mãe: ipmh81g1
Processador: i7 4770( 4 geração)
Memória RAM: 2x8 GB Corsair
Funcionando perfeitamente, motivo da venda: troquei meu kit.
Somente venda."
59,https://mg.olx.com.br/belo-horizonte-e-regiao/celulares/iphone-xr-1079054211,"Aparelho em excelente estado , apenas algumas marquinhas em baixo 
Bateira 84% vai completo , caixa , nota fiscal ,carregador , cabo USB e fone nunca usado 
64gb 
Passo cartão "
60,https://mg.olx.com.br/belo-horizonte-e-regiao/celulares/iphone-6s-64gb-1079054126,"Vendo IPhone 6s 64GB
Cinza espacial 
Biometria OK 
Sem detalhes 
Saúde da bateria 90% 

Acompanha: 
Caixa Original 
Carregador e case

WhatsApp (31)... ver número"
61,https://mg.olx.com.br/belo-horizonte-e-regiao/celulares/iphone-11-1079054071,"iPhone 11 poucas marcas de uso 
Acompanha Capinha carregador original 
Aceito iPhone 8 Plus ou x COM VOLTA "
62,https://mg.olx.com.br/belo-horizonte-e-regiao/computadores-e-acessorios/notebook-hp-1079054049,"Funcionando tudo normalmente. Faltando duas teclas, porém o sensor das teclas funcionam, só precisa acrescentar as teclas que é em torno de R$20. E trocar bateria, pois a bateria viciou e só funciona na tomada. Restante em perfeito estado. "
63,https://mg.olx.com.br/belo-horizonte-e-regiao/computadores-e-acessorios/monitor-hq-27-polegadas-165-hz-1-ms-1079054001,"Monitor pouco usado, muito novo, ótima qualidade de imagem.

PREÇO MAIS BARATO DO MERCADO!!!!"
64,https://mg.olx.com.br/regiao-de-pocos-de-caldas-e-varginha/audio-tv-video-e-fotografia/caixa-de-som-bluetooth-portatil-com-cartao-sd-radio-fm-1079053864,"Especificações Técnicas:

- Alto falante: 5 watts
- USB/ SD 
- Fonte de Alimentação: DC:5V
- Frequência: FM: 88 - 108MHz

Recursos:

- Entrada USB
- Entrada Micro SD
- Rádio FM
- Botão liga/desliga
- Alça para transporte
- Dimensões do produto sem embalagem (AxLxP) - 14cm x 11cm x 8cm

Itens Inclusos na embalagem:

+ 1 Caixa de som
+ 1 Cabo USB para carregamento
venha nos conhecer @banker.imports
WhatsApp (35)... ver número"
65,https://mg.olx.com.br/belo-horizonte-e-regiao/celulares/galaxy-watch-active-4-44mm-lte-1079053854,"Relógio usado menos de 6 meses, ainda possui garantia. Acompanha as pulseiras das fotos pra variar no dia a dia. Está novo, sem nenhum dano,  nem arranhãozinho sequer. Estou vendendo por motivos pessoais."
66,https://mg.olx.com.br/regiao-de-uberlandia-e-uberaba/computadores-e-acessorios/placa-de-video-rx-5600xt-6gb-1079053829,"Placa praticamente nova, 6 meses de uso, nunca usada para mineração, acompanha a caixa original.

Estou vendendo pois comprei uma nova."
67,https://mg.olx.com.br/belo-horizonte-e-regiao/computadores-e-acessorios/gabinete-dell-1079053826,"Gabinete da marca Dell 
Modelo : 7010 
HD : 500gb 
SSD : 120 gb 
Memória : 4gb 
Proc : 13 - 3220
USB : 10 
VGA/ D. PORT/ PRL"
68,https://mg.olx.com.br/belo-horizonte-e-regiao/videogames/console-playstation-4-fat-1-tb-controle-1079053800,"Tudo em perfeito estado de conservação!

O que você precisa saber sobre esse produto 

Inclui controle 
Horas de diversão garantida
Memória 1TB, para bastante jogos 
Com 1 cabo de alimentação ca, 1
cabo usb, 1 cabo hdmi.
Mantém limpo e zerado. 
Standard cor preto"
69,https://mg.olx.com.br/belo-horizonte-e-regiao/videogames/nintendo-switch-v2-com-controles-extras-1053583050,"Nintendo Switch v2
Par de controles adicionais
Pelicula na tela
Case
Cartao micro sd sandisk 128gb
Todos acessórios originais
Perfeito estado
"
70,https://mg.olx.com.br/regiao-de-juiz-de-fora/computadores-e-acessorios/fonte-universal-carregador-notebook-laptop-bivolt-com-adaptador-1079053669,"Fonte Universal Notebook Laptop Carregador 120W 505A Bivolt com Adaptadores

Pronta entrega! Aceitamos Cartões De Crédito
ENTREGA GRATUITA E NO MESMO DIA, PARA JUIZ DE FORA!
********* Me Chame no Whatsapp 32 ... ver número***********


Tenha sempre a mão o carregador universal portátil para Notebook. Ele é compatível com diversas marcas e modelos, você pode levá-la sempre que precisar usar o computador fora de casa. Essa é a solução perfeita para seus problemas. 

Compatível com: Compaq, Itautec, Acer, Hp, Positivo, Cce, Intelbras, Sti, Amazon, Microboard Megaware, Evolute Emachines, Infoway Win, hp, Samsung, Unique, Qbex, Toshiba, Netbook Monitor Bivolt Este adaptador ac/dc de alta potência é fabricado para alimentar notebooks que requerem entrada dc de 12V a 24V. Além disso, ele acompanha conectores que encaixam na maioria dos notebooks. 

Este adaptador possui proteção contra curto circuito e sobrecarga.
A Fonte Carregador Universal é excelente opção para quem trabalha com mais de um modelo de notebook ou para quem precisa adquirir uma fonte nova e busca o melhor custo benefício
Cada modelo de notebook possui um tipo de entrada para carregador. 

Com o Carregador Universal, você dispõe de plugs de entrada, compatível com todos os modelos do mercado, deixando muito mais prático e cômodo a centralização num mesmo equipamento.

O carregador Universal possui fonte estabilizadora, com emissão de carga constante e controle do fluxo de energia, evitando curto circuitos e danos ao seu notebook em casos de queda de energia.

Itens Inclusos: 
- Fonte universal para notebook 
- Cabo de Alimentação 
- 08 Plugues

Pronta entrega! Aceitamos Cartões De Crédito
ENTREGA GRATUITA E NO MESMO DIA, PARA JUIZ DE FORA!
********* Me Chame no Whatsapp 32 ... ver número***********"
71,https://mg.olx.com.br/regiao-de-governador-valadares-e-teofilo-otoni/celulares/samsung-s20-fe-128gb-6-ram-camera-tripla-self-32-mp-5g-semi-novo-1079053645,Samsung Samsung s20 fe 128gb 6 ram câmera tripla self 32 MP 5g semi novo. Faço troca e outro com volta.
72,https://mg.olx.com.br/regiao-de-uberlandia-e-uberaba/celulares/xiaomi-poco-x4-pro-5g-lacradooo-1064394686,"Celular xiaomi poco x4 pro 5g, lacrado sem uso!!

Poco x4 128gb R$ 1699,00
Poco x4 256gb R$ 1899,00

Melhor preço da cidade e região!!"
73,https://mg.olx.com.br/belo-horizonte-e-regiao/celulares/moto-g9-power-1079053285,"Moto g9 Power capa preta ótimo estado, nunca foi feito manutenção. Apenas película está quebrada
Acompanha caixa, nota fiscal capinhas, carregador, fone. A bateria é muito boa, dura até 2 dias sem carregar. Troco em iPhone 128gb com volta minha. Aceito negociações."
74,https://mg.olx.com.br/regiao-de-pocos-de-caldas-e-varginha/audio-tv-video-e-fotografia/tripe-3110-universal-3x-para-camera-e-celular-selfie-ajuste-1-05m-1079053255,"CARATERÍSTICAS

- Nível para alinhamento
- Manivela para aumenta altura
- Cabeça com nivelamento em 90º e giro em 180º
- Nivelador para nivelamento em 90º e giro em 189º com trava
- Montagem e desmontagem rápida 
- Bolsinha para transporte

ITENS INCLUSOS

- 1x Tripé 
- 1x Suporte para celular
- 1x Bolsinha para transporte

venha nos conhecer @banker.imports
WhatsApp (35)... ver número"
75,https://mg.olx.com.br/regiao-de-uberlandia-e-uberaba/celulares/sangung-a30-1079053230,Novo 3 mês de uso 
76,https://mg.olx.com.br/belo-horizonte-e-regiao/celulares/xiaomi-redmi-10c-128gb-promocao-novo-lacrado-versao-global-original-1050299137,"ATENÇÃO: ÚLTIMAS UNIDADES disponíveis, para IMEDIATO atendimento CHAME no
WhatsApp 9 92... ver número e garanta logo o seu!

**Preços podem oscilar devido a cotação do dólar**


* Compra segura de uma empresa séria
* Nota e Garantia em seu nome
* Pague somente na hora da entrega
* Entrega rápida do seu aparelho
* E claro, com o menor preço

Na LEVEL UP você  faz sobe de nível.
Aqui na empresa mais tradicional da OLX vc compra com toda SEGURANÇA e AGILIDADE que precisa, e MENOR PREÇO do mercado!

CHAME AGORA em nosso WHATSAPP e garanta logo o seu :)

31 9... ver número

Qualidade, garantia e o menor preço em Xiaomi do Brasil é aqui!"
77,https://mg.olx.com.br/belo-horizonte-e-regiao/celulares/xiaomi-redmi-9i-64-4gb-promocao-novo-lacrado-versao-global-original-1056889584,"ATENÇÃO: ÚLTIMAS UNIDADES disponíveis, para IMEDIATO atendimento CHAME no
WhatsApp 9 92... ver número e garanta logo o seu!

**Preços podem oscilar devido a cotação do dólar**


* Compra segura de uma empresa séria
* Nota e Garantia em seu nome
* Pague somente na hora da entrega
* Entrega rápida do seu aparelho
* E claro, com o menor preço

Na LEVEL UP você  faz sobe de nível.
Aqui na empresa mais tradicional da OLX vc compra com toda SEGURANÇA e AGILIDADE que precisa, e MENOR PREÇO do mercado!

CHAME AGORA em nosso WHATSAPP e garanta logo o seu :)

31 9... ver número

Qualidade, garantia e o menor preço em Xiaomi do Brasil é aqui!"
78,https://mg.olx.com.br/belo-horizonte-e-regiao/celulares/xiaomi-redmi-note-10-5g-128-6gb-novo-lacrado-global-original-promocao-1025402856,"ATENÇÃO: ÚLTIMAS UNIDADES disponíveis, para IMEDIATO atendimento CHAME no
WhatsApp 9 92... ver número e garanta logo o seu!

**Preços podem oscilar devido a cotação do dólar**


* Compra segura de uma empresa séria
* Nota e Garantia em seu nome
* Pague somente na hora da entrega
* Entrega rápida do seu aparelho
* E claro, com o menor preço

Na LEVEL UP você  faz sobe de nível.
Aqui na empresa mais tradicional da OLX vc compra com toda SEGURANÇA e AGILIDADE que precisa, e MENOR PREÇO do mercado!

CHAME AGORA em nosso WHATSAPP e garanta logo o seu :)

31 9... ver número

Qualidade, garantia e o menor preço em Xiaomi do Brasil é aqui!"
79,https://mg.olx.com.br/belo-horizonte-e-regiao/celulares/xiaomi-redmi-note-9-pro-novo-lacrado-versao-global-original-1002026654,"ATENÇÃO: ÚLTIMAS UNIDADES disponíveis, para IMEDIATO atendimento CHAME no
WhatsApp 9 92... ver número e garanta logo o seu!

**Preços podem oscilar devido a cotação do dólar**


* Compra segura de uma empresa séria
* Nota e Garantia em seu nome
* Pague somente na hora da entrega
* Entrega rápida do seu aparelho
* E claro, com o menor preço

Na LEVEL UP você  faz sobe de nível.
Aqui na empresa mais tradicional da OLX vc compra com toda SEGURANÇA e AGILIDADE que precisa, e MENOR PREÇO do mercado!

CHAME AGORA em nosso WHATSAPP e garanta logo o seu :)

31 9... ver número

Qualidade, garantia e o menor preço em Xiaomi do Brasil é aqui!"
80,https://mg.olx.com.br/belo-horizonte-e-regiao/celulares/iphone-13-mini-1079053127,"iPhone 13 mini red 256gb
Bateria está 95%
Novo sem nenhum arranhão e com proteção nas lentes da câmera..
"
81,https://mg.olx.com.br/belo-horizonte-e-regiao/celulares/xiaomi-redmi-note-8-pro-128-novo-lacrado-com-garantia-e-entrega-imediata-772688643,"FAVOR CHAMAR NO WHATSAPP PARA RESPOSTAS IMEDIATAS 9 92... ver número

Temos toda Linha Xiaomi com versão global e 30 dias de garantia!

Redmi Note 9S
Mi A3 
Mi BAND

Smartphone com Android muito Superior aos da Samsung,  iPhone e
Motorola!

Respondo CHAT na mesma hora.

Para respostas imediatas chamar no WhatsApp 9 92... ver número

Entrego em toda BH com taxa!  Consulte!

***Aceito cartão com juros***"
82,https://mg.olx.com.br/belo-horizonte-e-regiao/computadores-e-acessorios/pc-gamer-ryzen-5-2600-rx-580-xfx-8gb-1079053074," Processador: AMD Ryzen 5 2600
Placa de vídeo: rx 580 xfx 8 gb
 Placa mãe: Msi B450m Bazooka
 Ssd: adata Su630 240 gb
Memoria RAM: 2x4gb corsair vengeanse LPX DDR4 3000 MHz
Fonte: 500 W

Computador com pouco mais de 1 ano e meio de uso, perfeita qualidade ( preço pra vender rápido)"
83,https://mg.olx.com.br/regiao-de-pocos-de-caldas-e-varginha/celulares/iphone-11-vitrine-1079053048,128GB
84,https://mg.olx.com.br/regiao-de-pocos-de-caldas-e-varginha/videogames/voltante-e-pedal-xbox-360-entrada-usb-1079053040,"PEDAL E VOLANTE COM SUPORTE PARA JOGAR
SEM NENHUM DETALHE
 COM ENTRADA USB
DA PRA JOGAR NO PC
 ESTOU VENDENDO OU TROCANDO POR CELULAR DO MESMO VALOR 
"
85,https://mg.olx.com.br/belo-horizonte-e-regiao/videogames/star-wars-the-force-unleashed-xmen-destiny-1079052880,"-2 games
-Originais
-Usados em boas condições "
86,https://mg.olx.com.br/belo-horizonte-e-regiao/computadores-e-acessorios/tira-ruido-de-antena-antena-automotivo-1079052838,Tira ruido de antena 80/ antena automotivo de carro 60/ cabo para carregar celular tipo C 3 metros... Cabo auxiliar 40 reais.. relógio esmacht para acadêmia 90 reais...
87,https://mg.olx.com.br/regiao-de-pocos-de-caldas-e-varginha/celulares/iphone-12-vitrine-1079052825,64GB
88,https://mg.olx.com.br/belo-horizonte-e-regiao/videogames/xbox-one-s-slim-1t-semi-novo-mg-santa-luzia-1079052814,"Xbox One S slim 1T ( Semi novo )
Um controle
Cabo HDMI+ Fonte com o Cabo
Garantia: 1 ano"
89,https://mg.olx.com.br/belo-horizonte-e-regiao/celulares/iphone-6s-1079052806,"iPhone 6s 16gb
iCloud Liberado 
IOS Atualizado 15.6.1
Bateria Original Saúde Ok
Touch ID Botão Home Ok 
Câmera e alto falantes Ok
Carregador, Capa e Película Ok 
Desbloqueado
Pegar e usar
Celular nunca aberto para nada

Whatsapp 31 ... ver número 

Aceito propostas no Pix/Dinheiro

"
90,https://mg.olx.com.br/regiao-de-pocos-de-caldas-e-varginha/celulares/iphone-xs-max-vitrine-1079052796,64GB
91,https://mg.olx.com.br/regiao-de-montes-claros-e-diamantina/celulares/carregadores-turbo-hrebos-18w-tipo-c-ou-v8-1079052767,"?CARREGADORES HREBOS TURBO 18W?

Sigam nossa loja no Instagram e veja as novidades sempre?
https://instagram.com/junioor_software

Alta estabilidade de carregamento, produzido em material contra incendio Controle de qualidade minucioso e rigorosa.

Detalhes requintados com 1 entrada USB. Perfeito para viagens e para o dia-a-dia.

Carregamento Rápido
Qualidade e Segurança
Controle de Energia
Controle de Temperatura
Sem Interferências
Proteção contra Curtos-circuitos
FONTE DE ALIMENTAÇÃO

DISPONÍVEL PARA AS ENTRADAS TIPO C OU MICRO USB V8 

ENTRADA: 100-240V ~ 50/60Hz 0.5A
SAÍDA: 5V-3.8A ou 9v-2.1A ou 12V-1.5A

            ?Apenas 50,00$ avista?
?Aceitamos cartões consulte condições ?

ENTREGAMOS NA MAIORIA DOS BAIRROS DE MOC

WHATSAPP: (38)... ver número"
92,https://mg.olx.com.br/belo-horizonte-e-regiao/audio-tv-video-e-fotografia/mini-system-panasonic-aparelho-de-som-casa-1075558258,"Em até 12x de R$ 45,83Ver parcelas"
93,https://mg.olx.com.br/belo-horizonte-e-regiao/celulares/celular-smartphone-xiaomi-redmi-note-7-128gb-1074379574,"Memória Ram 4gb
Memória interna 128gb
Processador OCTA-CORE 2,20Ghz
Bateria 4000 mAh

Tela trocada
Somente aparelho
Ótimo Smartphone "
94,https://mg.olx.com.br/regiao-de-uberlandia-e-uberaba/celulares/iphone-11-pro-max-gold-256-1069486048,"Vendo IPhone 11 Pro Max 256 GB gold, sem riscos nem arranhão, bateria 84% não aceito troca, preço final pra vender rápido, acompanha caixa! Não aceito trocas."
95,https://mg.olx.com.br/regiao-de-montes-claros-e-diamantina/celulares/ipad-mini-a1454-leiam-descricao-1077957470,"IPAD mini modelo A1454
Vendo para retirada de peças, tela original, bateria funcionando perfeitamente, carcaça completa, problema no iCloud.
Me chamem no zap demoro responder no chat 38 ... ver número
Aceito cartão divido em 12x sem juros"
96,https://mg.olx.com.br/regiao-de-pocos-de-caldas-e-varginha/audio-tv-video-e-fotografia/echo-show-10-smart-display-hd-de-10-cor-preta-br-br-1074488589,"Echo Show 10 (Usada poucas vezes) foi desenvolvido com múltiplas camadas de privacidade. Do botão de desligamento do microfone e da tampa embutida para câmera até a possibilidade de desligar a função de movimento a qualquer instante pelo aplicativo Alexa, por voz, ou no próprio Echo Show. Vídeo ou imagens coletadas pelo recurso de movimento do Echo Show 10 não são compartilhados fora do dispositivo. "
97,https://mg.olx.com.br/regiao-de-governador-valadares-e-teofilo-otoni/computadores-e-acessorios/roteador-tp-link-1075359936,"Wi-Fi Dual Band de Alta Velocidade para Melhores Conexões
O Archer C50 permite que seu PC ou notebook aproveite conexões 3x mais rápidas do que o Wireless N com a tecnologia AC.
Com 300 Mbps na banda de 2.4 GHz e 867 Mbps na banda cristalina de 5 GHz, o Archer C50 é uma excelente escolha para streaming contínuo em HD, jogos online e outras tarefas que exigem muita largura de banda."
98,https://mg.olx.com.br/regiao-de-uberlandia-e-uberaba/audio-tv-video-e-fotografia/box-tv-mxq-4k-1076460342,"Em até 12x de R$ 29,17Ver parcelas"
99,https://mg.olx.com.br/regiao-de-juiz-de-fora/celulares/moto-one-super-novo-completo-1070444628,Moto one com carregador original e fone de ouvido sem nenhuma avaria só pegar e usar $600 reais
100,https://mg.olx.com.br/regiao-de-uberlandia-e-uberaba/audio-tv-video-e-fotografia/box-tv-mxq-4k-1076460342,"Em até 12x de R$ 29,17Ver parcelas"
101,https://mg.olx.com.br/regiao-de-juiz-de-fora/celulares/moto-one-super-novo-completo-1070444628,Moto one com carregador original e fone de ouvido sem nenhuma avaria só pegar e usar $600 reais
102,https://mg.olx.com.br/belo-horizonte-e-regiao/celulares/xiaomi-mi-8-lite-64gb-1077173428,"sem defeitos 
não vai acessórios

"
103,https://mg.olx.com.br/regiao-de-uberlandia-e-uberaba/celulares/samsung-note-20-ultra-256-g-1072037827,"Smartphone Samsung NOTE 20 ULTRA; 256 GB; com pouco uso,  com caixa original e acessórios. "
104,https://mg.olx.com.br/regiao-de-uberlandia-e-uberaba/computadores-e-acessorios/cabo-adaptador-conversor-usb-2-0-para-vga-femea-monitor-br-br-1073867966,"São 10 adaptadores usados
Não funcionam em MAC

Especificações:

- Tipo de item: Adaptador USB2.0 para VGA
- Interface entrada: USB 2.0
- Interface saída: VGA
- Tipo de núcleo: núcleo de cobre
- Tipo: cabo de extensão
- Comprimento: 25 cm
- Entrada USB: Computador e notebook
- Saída VGA: Monitor, Projetor e TV"
105,https://mg.olx.com.br/regiao-de-montes-claros-e-diamantina/audio-tv-video-e-fotografia/camara-lampada-1078025656,"Em até 12x de R$ 12,50Ver parcelas"
106,https://mg.olx.com.br/belo-horizonte-e-regiao/celulares/iphone-7-plus-128gb-1074675188,"Cartão até 12x R$123,00 (R$1.476,00)
iPhone 7 Plus 128GB Rose Gold (impecável)
Saúde da bateria 100%
Cabo de Lightning para USB
Sem nenhum defeito
Desbloqueado p/ todas operadoras 
Pagamento à vista R$1.350,00"
107,https://mg.olx.com.br/regiao-de-uberlandia-e-uberaba/computadores-e-acessorios/modulo-busto-poweroni-4-000-rms-6-00-usina-120-bivolt-4-00-1076385764,Shop park Uberlândia 34.9880... ver número
108,https://mg.olx.com.br/belo-horizonte-e-regiao/celulares/iphone-7-1072927929,"Em até 12x de R$ 62,50Ver parcelas"
109,https://mg.olx.com.br/belo-horizonte-e-regiao/videogames/xbox-360-com-pouco-uso-1073765703,"Xbox 360
1 Controle (manete). 1 Fonte bivolt. 1 Cabo hdmi. 1 Kinect.  5  Jogos originais
Fabricante: Microsoft
Capacidade: 4GB
Modelo: Super Slim
Cor: Preto"
110,https://mg.olx.com.br/belo-horizonte-e-regiao/computadores-e-acessorios/somente-caixa-trio-br-br-1064125695,Trocar Reparo do auto falante 
111,https://mg.olx.com.br/belo-horizonte-e-regiao/celulares/redmi-note-11-novo-128gb-6-de-ram-1078068291,"O Redmi Note 11 é um smartphone Android avançado e abrangente em todos os pontos de vista com algumas características excelentes. Tem uma grande tela de 6.43 polegadas com uma resolução de 2400x1080 pixels. As funcionalidades oferecidas pelo Redmi Note 11 são muitas e inovadoras. Começando pelo LTE 4G que permite a transferência de dados e excelente navegação na internet. Enfatizamos a excelente memória interna de 128 GB com a possibilidade de expansão.
O Redmi Note 11 é um produto com poucos concorrentes em termos de multimídia graças à câmera de 50 megapixels que permite ao Redmi Note 11 tirar fotos fantásticas com uma resolução de 8165x6124 pixels e gravar vídeos em alta definição (Full HD) com uma resolução de 1920x1080 pixels. Muito fino, 8.1 milímetros, o que torna o Redmi Note 11 realmente interessante."
112,https://mg.olx.com.br/belo-horizonte-e-regiao/audio-tv-video-e-fotografia/equipamentos-de-som-1074001451,"2 Cxs Stanley,  1 Cx O?Neil, 2 tripés, 1 mesa som "
113,https://mg.olx.com.br/regiao-de-uberlandia-e-uberaba/celulares/vendo-ou-troco-noutro-com-volta-que-seja-bom-sem-quebrado-1074469913,"Em até 12x de R$ 83,33Ver parcelas"
114,https://mg.olx.com.br/regiao-de-montes-claros-e-diamantina/celulares/samsung-a02-1058958219,"Aparelho em excelente estado
32Gb.
Zap:3899... ver número"
115,https://mg.olx.com.br/belo-horizonte-e-regiao/videogames/playstation-2-1078128996,"Playstation 2
1 controle
1 memory card
1 cabo AV
1 fonte"
116,https://mg.olx.com.br/belo-horizonte-e-regiao/celulares/samsung-a12-1071192824,"Celular semi novo , perfeito estado , tudo funcionando."
117,https://mg.olx.com.br/regiao-de-uberlandia-e-uberaba/videogames/fifa-22-ps4-usado-1058763074,Fifa 22 usado para ps4 em bom estado
118,https://mg.olx.com.br/regiao-de-juiz-de-fora/computadores-e-acessorios/notebook-positivo-1077862693,Funcionando tudo 
119,https://mg.olx.com.br/belo-horizonte-e-regiao/celulares/iphone-12-64gb-azul-aceito-cartao-de-credito-1072689340,"Telefone em perfeito estado, sem detalhes.
Acompanha película já aplicada, na tela e nas câmeras, e capinha.
Esse modelo NÃO acompanha carregador, nem fone.

Não aceito trocas por S21 S22 iPhone 11 12 13 14 Vivo Xiaomi Redmi Note 10 20 Ultra Oppo Mi XR 8 7 Plus SE "
120,https://mg.olx.com.br/regiao-de-montes-claros-e-diamantina/celulares/mi-smart-band-6-1077952335,"Produto original e novo, funcionando perfeitamente, aceito cartão divido em 12x sem juros, demoro responder no chat me chamem no zap
38 9... ver número
"
121,https://mg.olx.com.br/belo-horizonte-e-regiao/computadores-e-acessorios/impressora-laser-colorida-1077821392,"Impressora HP a Laser Colorida
Manutenção dada recentemente, ideal para quem trabalha com transfer laser

Aceito telefone e cartão de crédito como forma de pagamento "
122,https://mg.olx.com.br/regiao-de-pocos-de-caldas-e-varginha/computadores-e-acessorios/notebook-2-em-1-dell-inspiron-13-1077930933,"Notebook DELL Inspiron 13 (2 em 1)
Processador: Intel(R) Core(TM) i7-7500U
Memória RAM: 8GB
SSD: 256GB
Tipo de Tela: LCD LED
Resolução: 1920 x 1080 Full HD
Modo: Notebook/Tablet

Notebook excelente para estudos e trabalho, além de ser compacto e leve, tem uma excelente capacidade operacional."
123,https://mg.olx.com.br/belo-horizonte-e-regiao/videogames/xbox-one-1070526890,Xbox one 
124,https://mg.olx.com.br/regiao-de-uberlandia-e-uberaba/celulares/iphone-8-plus-64gb-1075343150,"Acompanha carregador
Aparelho sem marcas de uso
Bateria 100%
Divido em até 12x com taxa nos cartões "
125,https://mg.olx.com.br/belo-horizonte-e-regiao/computadores-e-acessorios/mouse-pad-ergonomico-multilaser-1070410684,"Mouse pad multilaser
*gel
*evita lesões
*maior conforto
*1 ano de garantia
Contato: zap (31)... ver número"
126,https://mg.olx.com.br/regiao-de-juiz-de-fora/celulares/aifhone-7-1072827168,Vendo aifhone 7 32 g 72 % de bateria funcionamento todo ok 
127,https://mg.olx.com.br/regiao-de-divinopolis/computadores-e-acessorios/pc-gamer-1077966723,"750ti i3 4a geração 8 gb ram. Roda cs, Dota, lol, fortnite etc. Comprei um pc novo e não vou usar esse. 1000 sem o monitor 1300 com o monitor. Vai com ssd de 120gb "
128,https://mg.olx.com.br/belo-horizonte-e-regiao/celulares/iphone-11-128g-perfeito-estado-1076325275,"Vendo IPhone 11, 128g em perfeito estado de conservação. Não existe nenhum tipo de marca e arranhões. As laterais intactas."
129,https://mg.olx.com.br/belo-horizonte-e-regiao/computadores-e-acessorios/multifuncional-hp-4500-officejet-apenas-r-70-1071725979,"Multifuncional HP OFFICEJET 4500

A IMPRESSORA LIGA, porém está sem carregador


Estou vendendo pois comprei outra nova e preciso liberar o espaço.

Por isso estou vendendo TÃO BARATO.

PRIMEIRO QUE CHEGAR LEVA.

APENAS R$ 70 isso mesmo...R$ 70."
130,https://mg.olx.com.br/belo-horizonte-e-regiao/celulares/motorola-moto-one-fusion-1075686942,"4gb ram 
128 gb interna
48 mgpxls
celular bem conservado vai com capinha e película"
131,https://mg.olx.com.br/regiao-de-uberlandia-e-uberaba/computadores-e-acessorios/monitor-dell-1077947805,"Marca Dell
Número do modelo SE2419HR
Tamanho da tela 24 Polegadas
Resolução FHD 1080p
Proporção de tela 16:9"
132,https://mg.olx.com.br/regiao-de-montes-claros-e-diamantina/celulares/celular-nokia-1072887808,Vendo celular Nokia bem conservado bateria com Auta durabilidade 
133,https://mg.olx.com.br/belo-horizonte-e-regiao/celulares/moto-g-10-1058441599,"Em perfeito estado,com fone  e carregador,"
134,https://mg.olx.com.br/belo-horizonte-e-regiao/audio-tv-video-e-fotografia/tv-sansung-40-para-retirada-de-pecas-1071897712,"Em até 12x de R$ 23,33Ver parcelas"
135,https://mg.olx.com.br/regiao-de-juiz-de-fora/computadores-e-acessorios/hd-externo-1074631791,"Hd externo 3.0  
500gb
Muito novo sem avarias funcionando perfeitamente! 
Interessados chamar no WhatsApp!
(32)... ver número"
136,https://mg.olx.com.br/belo-horizonte-e-regiao/audio-tv-video-e-fotografia/monitor-samsung-16-polegadas-1072811541,"Em até 12x de R$ 12,50Ver parcelas"
137,https://mg.olx.com.br/regiao-de-uberlandia-e-uberaba/celulares/celular-redmi-note-8-pro-64gb-muito-conversado-e-pra-levar-para-casa-1072982505,"O Redmi Note 8 Pro é um smartphone Android de bom nível, ótimo para fotos, que pode satisfazer até o mais exigente dos usuários. Tem uma enorme tela Touchscreen de 6.53 polegadas com uma resolução de 2340x1080 pixel. Sobre as características deste Redmi Note 8 Pro na verdade não falta nada. Começando pelo LTE 4G que permite a transferência de dados e excelente navegação na internet, além de conectividade Wi-fi e GPS. Tem também leitor multimídia, rádio, videoconferência e bluetooth. Enfatizamos a boa memória interna de 128 GB com a possibilidade de expansão.
O Redmi Note 8 Pro é um produto com poucos concorrentes em termos de multimídia graças à câmera de 64 megapixels que permite ao Redmi Note 8 Pro tirar fotos fantásticas com uma resolução de 9238x6928 pixels e gravar vídeos em 4K a espantosa resolução de 3840x2160 pixels. Muito fino, 8.8 milímetros, o que torna o Redmi Note 8 Pro realmente interessante.

Estou pedindo R$1.499 reais, mas estou aberto a negociações.

Motivo da venda: Comprei um outro mais caro e este está novo e parado."
138,https://mg.olx.com.br/belo-horizonte-e-regiao/celulares/cabo-tipo-c-para-celulares-1073885872,Cabo tipo c para celulares
139,https://mg.olx.com.br/belo-horizonte-e-regiao/computadores-e-acessorios/carregador-usb-e-sem-fio-130w-carga-rapida-portatil-1070221254,"Produto novo - Entrega Imediata.
Produto testado e com potencia verificada.
Qualquer dúvida estou à disposição

Especificação sem fio da versão 130w:

Modelo: as868 130w múltipla estação de carregamento usb qc3.0 pd3.0 usb c carregador rápido sem fio

Material: plástico

Potência de saída: 130w (máximo)

Entrada: ac 100-240v 50 / 60hz

Usb a (verde) saída: 5v/2.4a

Qc 3.0 usb a (laranja) saída: 5v-3a, 9v-2a, 12v1.5a

65w usb c pd saída: 5v3a 9v2a 12v3a 15v3a 20v3.25a

Saída sem fio: 5w/7.5w/10w (max)

Tamanho: 12.3x11.5x4.8cm (aproximadamente)

Tipo de ficha: ue/eua/reino unido/austrália plug (opcional)

Comprimento do cabo de alimentação: 150cm"
140,https://mg.olx.com.br/belo-horizonte-e-regiao/videogames/vendo-ps4-pro-1tb-1071157458,"Vendo PS4 zero pouco uso 
Completo 
Fone original 
4 jogos mídia física 
Divido no cartão em até 18 x com juros da máquina?"
141,https://mg.olx.com.br/belo-horizonte-e-regiao/celulares/redmi-note-8-pro-128gb-de-hd-e-6gb-ram-1071727571,"Vem cooler Black Shark 4.
Atrás tem 2 trincados
Vem 3 capa de celular
Película com rachadura
Carregador ultra rápido."
142,https://mg.olx.com.br/regiao-de-montes-claros-e-diamantina/computadores-e-acessorios/teclado-mecanico-motospeed-k27-preto-switch-vermelho-rainbow-1075700705,"Marca ?MOTOSPEED
Fabricante ?mototech
Série ?K27 Switch vermelho
Certificação ?ANVISA
Cor ?Vermelho Rainbow
Altura do produto ?48 centímetros
Largura do produto ?23 centímetros
Tecnologia de conexão ?USB 2.0
Quantidade de botões ?27
Etiqueta Nacional de Eficiência Energética (ENCE) ?Elétrica
Fonte de alimentação ?Energia elétrica
Plataforma de hardware ?Portátil, PC, Linux
Sistema operacional ?Linux, Windows, Mac
Número de unidades ?1
Material ?Acrilonitrila butadieno estireno
Peso do produto ?800 g
Dimensões do produto ?7 x 23 x 48 cm; 800 g
Número do modelo ?K27
Funciona a bateria ou pilha? ?Não
Sobre este item
Plug and Play
Iluminação Rainbow com cores fixas e diversos efeitos de iluminação.
Keycaps Double Shot
Material: ABS Padrão: ANSI
Conexão: Com Fio Interface: USB 2.0
Vida útil da Tecla: 50 milhões de cliques Tempo de resposta: 3ms Anti-ghosting: All
Tamanho do Cabo: 1.4m
https://www.amazon.com.br/gp/product/B081LSHB3Z/ref=ppx_yo_dt_b_asin_title_o00_s01?ie=UTF8&th=1"
143,https://mg.olx.com.br/belo-horizonte-e-regiao/celulares/samsung-j5-prime-1070251675,"Telefone muito novo tela original nunca foi trocada 32 GB,impressão digital,telefone muito conservado msm,só chama quem realmente tem interesse em comprar o telefone.
Telefone pra contato 319... ver número"
144,https://mg.olx.com.br/belo-horizonte-e-regiao/videogames/grand-theft-auto-the-trilogy-the-definitive-edition-1072019264,"Grand Theft Auto: The Trilogy - The Definitive Edition é uma compilação de três jogos eletrônicos de ação-aventura da série Grand Theft Auto: Grand Theft Auto III, Grand Theft Auto: Vice City e Grand Theft Auto: San Andreas. Foi desenvolvida pela Grove Street Games e publicada pela Rockstar Games."
145,https://mg.olx.com.br/belo-horizonte-e-regiao/celulares/g8-play-1077931413,"Vendo ou troco G8 Play
32gb 
Câmera: 13mp + 8mp + 2mp
Frontal: 8mp 
RAM: 2gb
Tela: 6.2 
Bateria: 4.000 mAh 
Com garantia e carregador!!! "
146,https://mg.olx.com.br/belo-horizonte-e-regiao/computadores-e-acessorios/notebook-acer-1076580899,"Mouse do notebook não funciona, mais envio um mouse USB junto. 

Tecla R soltou e sumiu precisa colocar outra 


"
147,https://mg.olx.com.br/belo-horizonte-e-regiao/videogames/videogame-nitendo-wii-1065494494,Vendo Nitendo Wii desbloqueado com 2 controles. Tudo funcionando perfeitamente.
148,https://mg.olx.com.br/belo-horizonte-e-regiao/computadores-e-acessorios/computador-para-estudo-e-rede-sociais-1071974896,"Me chama:(31)... ver número
COMPUTADOR CORE 2 DUO4 GB 160 HDTEL 17TECLADO MOUSE 90 DIAS DE GARANTIA

*Para mais duvidas me chama*
Computador novo  e simples, para trabalho e estudo do cotidiano 

Belo Horizonte"
149,https://mg.olx.com.br/regiao-de-uberlandia-e-uberaba/celulares/motorola-moto-e7-power-2021-1073980368,Motorola MOTO E7 POWER 2021 semi novo
150,https://mg.olx.com.br/regiao-de-juiz-de-fora/celulares/samsung-a51-1075629660,"Galaxy A51
Tamanho da tela: 6,5 polegadas
Resolução da tela: Full HD+ (2400 x 1080 pixels)
Painel da tela: Super AMOLED
Câmera: quádrupla, 48, 12, 5 e 5 MP
Câmera frontal: 32 MP
Sistema: Android 10
Processador: Exynos 9611
Memória RAM: 4 GB
Armazenamento: 128 GB
Cartão de memória: sim - microSD de até 512 GB
Capacidade da bateria: 4.000 mAh
Telefonia: Dual SIM (nano SIM)
Peso: 172 gramas
Dimensões: 158,5 x 73,6 x 7,9 mm"
151,https://mg.olx.com.br/belo-horizonte-e-regiao/celulares/vendo-moto-g6-1071948386,"moto g trincando e auto falante ruim 
mas de resto funciona tudo ok inclusive digital tbm  
esse preço pra sair rápido "
152,https://mg.olx.com.br/belo-horizonte-e-regiao/computadores-e-acessorios/imac-2012-1073696955,Descrição na foto acima 
153,https://mg.olx.com.br/belo-horizonte-e-regiao/videogames/nintendo-switch-v2-em-estado-de-novo-1078130754,"Nintendo switch v2 em estado de novo , comprei e não tive tempo de jogar , vai com Donkey Kong mídia física "
154,https://mg.olx.com.br/belo-horizonte-e-regiao/audio-tv-video-e-fotografia/amplificador-nca-b-93-828-1072856617,"Em até 12x de R$ 58,33Ver parcelas"
155,https://mg.olx.com.br/belo-horizonte-e-regiao/celulares/iphone-8-64-gb-1072730041,"Aparelho super conservado, divide no cartão com taxa da operadora."
156,https://mg.olx.com.br/belo-horizonte-e-regiao/computadores-e-acessorios/memoria-ram-ddr4-8gb-3200-mhz-1072010666,"*Não faço troca*
Hyperx Memoria ram ddr4 
8 GB 3200mhz 
cl16"
157,https://mg.olx.com.br/regiao-de-uberlandia-e-uberaba/audio-tv-video-e-fotografia/tripe-profissional-e-mochila-almofadada-pra-camera-1070370024,"Tripé profissional.... detalhe q uma das travinhas que trava a perninha  quebrou a cabeça mais não atrapalha no uso ,trava normal..mochila é zera , usei poucas vezes....muito boa, toda almofadada...
ACEITO PROPOSTAS "
158,https://mg.olx.com.br/regiao-de-juiz-de-fora/audio-tv-video-e-fotografia/radio-de-carro-mp3-com-porta-usb-sd-bt-1075607428,"Vendo rádio de carro usado por pouco tempo, na caixa, com entrada usb/bt e sd (não acompanha controle remoto) "
159,https://mg.olx.com.br/belo-horizonte-e-regiao/celulares/iphone-12-1071801254,"iPhone 12 64gb, acompanha caixa e nf, sem carregador. 
Garantia até 31/01/2023, saúde 98%"
160,https://mg.olx.com.br/belo-horizonte-e-regiao/celulares/xiaomi-redmi-note-8-1072716639,"Celular muito conservado, único dono 
Tenho a caixa e o carregador, bateria durando o dia todo e sem travar 
Nunca mexido nem aberto 
Estou vendendo a esse preço pois comprei outro telefone 
VALOR NEGOCIÁVEL "
161,https://mg.olx.com.br/regiao-de-uberlandia-e-uberaba/audio-tv-video-e-fotografia/controle-tv-box-mxq-mx9-mxq-pro-4k-br-1070889468,"- Chame Através do WhatsApp para mais Informações; 

(34)... ver número 

- Entregamos 
- Aceitamos Pix é Cartão 

Produto Novo de Excelente Qualidade - Compatível Com os Modelos MXQPMX9 / MX9-4K / V88-4K - Não Acompanha Pilhas - Acionamento do Controle Em Infra Vermelho Veja abaixo quais modelos são compatíveis com esse controle: -MQpro -Mx9 -T95x -R69 -M96x -V88 -H96 Pro -T95z Plus -Box QQ Plus -X96 Mini -T96 Melhor controle do mercado atualmente Compre e receba o mais rápido possível seu CONTROLE TV BOX."
162,https://mg.olx.com.br/regiao-de-governador-valadares-e-teofilo-otoni/celulares/xiaomi-redmi-note-8-semi-novo-1072952586,"Smartphone xiaomi redmi note 8 semi novo, com POUQUÍSSIMAS marcas de uso , com boa vida útil da bateria, 
64 GB de memória , vai com caixa, carregador, fone de ouvido, manual de instruções e etc."
163,https://mg.olx.com.br/belo-horizonte-e-regiao/computadores-e-acessorios/amd-radeon-rx-560-4gb-1074641113,"Trata-se de uma RX 560 de 4Gb da Biostar, modelo que foi muito vendido no ano passado aqui no brasil, tem vários testes disponíveis na internet e eu mesmo posso enviar alguns caso tenha interesse.
De prontidão, afirmo que roda qualquer jogo atual, por mais que as vezes tenha que baixar as configurações gráficas, mas sempre em 1080p.
Vale citar que a AMD continua disponibilizando drivers e suporte pra essa placa.
Em resumo, tem um ótimo desempenho e um baixo consumo de energia, nem mesmo precisa de conector externo para fonte.

Uso somente pra trabalho e jogos, na maior parte do tempo no primeiro caso. Motivo pelo qual a placa está em excelente estado e nunca apresentou problemas.
Foi adquirida em Abril/2021, tenho a nota e a caixa com seus acessórios.
Trocando apenas para pegar uma placa mais forte.

Caso queiram mais informações entrem em contato!

Estou aberto a propostas."
164,https://mg.olx.com.br/regiao-de-uberlandia-e-uberaba/celulares/vendo-ou-troco-com-volta-1074594769,iPhone 7 Plus 128 gigas biometria ok bateria 100 por cento acompanha caixa capinha carregador com fonte original  
165,https://mg.olx.com.br/belo-horizonte-e-regiao/celulares/xiaomi-11-lite-1074442437,"Novo 5 meses de uso 
1700 aceito cartão com acréscimo da maquina"
166,https://mg.olx.com.br/belo-horizonte-e-regiao/computadores-e-acessorios/smartwhach-1078129490,"Em até 12x de R$ 10,83Ver parcelas"
167,https://mg.olx.com.br/regiao-de-juiz-de-fora/celulares/multilaser-1075369872,"Em até 7x de R$ 10,71Ver parcelas"
168,https://mg.olx.com.br/regiao-de-juiz-de-fora/celulares/samsung-s20-fe-1070401983,"Smartphone Samsung s20 FE , 128 gb, Snapdragon, seminovo,  sem marcas de uso, com carregador original com 8 meses de uso"
169,https://mg.olx.com.br/regiao-de-governador-valadares-e-teofilo-otoni/celulares/iphone-11-128gb-novo-lacrado-nf-1078193337,"Garanta o seu iPhone 11 128GB.
Novo Larado.
Completo
Nota fiscal
Garantia
iPhone 11 128gb
R$3999,00 preço a vista.
Dividimos em até 12x com acréscimo."
170,https://mg.olx.com.br/regiao-de-uberlandia-e-uberaba/celulares/vendo-galaxy-m52-128-gb-azul-acompanha-todos-os-acessorios-e-a-caixinha-1077820947,"Vendo galaxy M52 128 gb azul acompanha todos os acessórios e a caixinha, apenas detalhes de uso 349... ver número"
171,https://mg.olx.com.br/regiao-de-juiz-de-fora/celulares/samsung-s21-ultra-12-256gb-1067787979,"Celular 100% funcionando, bateria ok,
Tela intacta sem detalhes, sem tricado nem arranhada.
Apenas tem marcas de uso nas laterais e traseira.
(Lentes das cameras intactas)
O celular vai com:
Pelicula frontal e traseira
Caixa do aparelho (box)
4 Capas (sendo 2 militares anti impacto)
Carregador paralelo (esse modelo n vem)
Cabo de dados original (esta com mau contato)

Não faço envio, somente em mãos.
4200 parcelado na olx pay
Somente venda. Negociável a vista."
172,https://mg.olx.com.br/belo-horizonte-e-regiao/videogames/vendo-todos-1077185799,"Vendo Xbox 360 bloqueado com vários jogos, Nintendo wii com mais de 70 jogos e 3 controles , um retrô box com 20 mil jogos e dois controles."
173,https://mg.olx.com.br/regiao-de-montes-claros-e-diamantina/celulares/iphone-11-64gb-1059360630,"iPhone 11 64gb, sem nenhum detalhe ou risco, saúde da bateria em 89%. Aceito proposta!!"
174,https://mg.olx.com.br/belo-horizonte-e-regiao/computadores-e-acessorios/teclado-sem-fio-logitech-k400-plus-1077020778,"Características gerais

Marca : Logitech
Modelo : K400 Plus
 

Produto quase sem uso e em perfeito estado !!"
175,https://mg.olx.com.br/belo-horizonte-e-regiao/audio-tv-video-e-fotografia/smart-tv-43-1070572352,"Em até 12x de R$ 75,00Ver parcelas"
176,https://mg.olx.com.br/regiao-de-pocos-de-caldas-e-varginha/audio-tv-video-e-fotografia/camera-1072869839,"Em até 12x de R$ 18,33Ver parcelas"
177,https://mg.olx.com.br/belo-horizonte-e-regiao/celulares/moto-g30-1074788719,"Vendo celular moto g30 128 gigas, tela 6,5 tela Max vision/ 80 hz semi novo com nota fiscal caixa, carregador, caixa
"
178,https://mg.olx.com.br/belo-horizonte-e-regiao/celulares/iphone-11-128gb-1077958338,"Vendo iPhone 11 128gb BRANCO
Novo, quase 1 mês de uso, comprei nas Casas Bahia por 4600,00, vai com NF, caixa, carregador e tudo certinho.
Não tem marcas de uso e está novíssimo.
Vendo por 4150,00 ou troco por outro iPhone acima do 8plus + volta da pessoa 
(Se for troca o iPhone tem que estar ÓTIMO!
Bateria boa e sem marcas de uso. 
Passo cartão mas com taxa da maquininha.
"
179,https://mg.olx.com.br/belo-horizonte-e-regiao/videogames/jogo-batman-1076371612,"Jogo original
Pra sair rápido 
"
180,https://mg.olx.com.br/belo-horizonte-e-regiao/celulares/carregador-original-fonte-cabo-1m-iphone-x-xr-xs-8-plus-7s-7-6s-5c-5s-5-ipad-ipod-1072088809,"
Enviamos para todo o Brasil pela OLX Pay com total segurança ou Retirada em Belo Horizonte
Contato para retirada ou duvidas via whatsapp
31-9... ver número"
181,https://mg.olx.com.br/regiao-de-juiz-de-fora/audio-tv-video-e-fotografia/tv-32-samsung-1071774402,"Tv em ótimo estado, funcionando perfeitamente,só não é smart. 329... ver número"
182,https://mg.olx.com.br/regiao-de-divinopolis/audio-tv-video-e-fotografia/multimidia-veloster-1072851355,"Vende-se multimídia veloster 
Em perfeito estado de conservação, funciona tudo perfeitamente.
Entrego em Divinópolis e Belo Horizonte"
183,https://mg.olx.com.br/belo-horizonte-e-regiao/celulares/samsung-galaxy-a10-1077959086,Celular samsung com defeito no sistema Android não está queimado alguem que tenha interesse em retirar peças ou saiba concerta estou vendedo a tela dele esta nova e original não tem nenhum trincado nem esta quebrada 
184,https://mg.olx.com.br/belo-horizonte-e-regiao/videogames/xbox-360-1075293151,"Xbox 360 super slin destravado com duas originais e com muitos jogos tudo novos ! 
( MOTIVO DA VENDA : NAO JOGO , ESTA EMPUERANDO ) 650 pra ir embora rapido !"
185,https://mg.olx.com.br/regiao-de-divinopolis/computadores-e-acessorios/ultrassom-portatil-ge-logiq-alfa-100-1074584327,Ultrassom portátil GE logiq alfa 100
186,https://mg.olx.com.br/belo-horizonte-e-regiao/videogames/aluguel-air-game-1070506780,"Máquinas de Air game, totó e fliperama para alugar.

Valores de aluguel para eventos. 

*Consultar valor da entrega "
187,https://mg.olx.com.br/regiao-de-uberlandia-e-uberaba/celulares/fone-de-ouvido-sem-fio-compativel-iphone-xiaomi-leia-anuncio-1070627395,"- Chame Através do WhatsApp para mais Informações; 

(34)... ver número 

- Entregamos 
- Aceitamos Pix é Cartão 

FONE DE OUVIDO SEM FIO BASIKE 6694 - Produto de Alta Performance
Com funcao de reducao de ruidos (funcao para produtos apple)

FICHA TECNICA
SELO ANATEL (Maior Seguranca e Qualidade Superior)
VERSAO SEM FIO: V5.0
DISTANCIA DE_ TRANSMISSAO: 12-15M
SISTEMA DE FAIXAS: DOIS CANAIS (SOM ESTEREO)
TEMPO DE CONVERSACAO: 2 - 3 HS
TEMPO DE REPRODUCAO: 3 - 4 HS
TEMPO DE CARREGAMENTO: 1 - 2 HS
ALCANCE DE FREQUENCIA: 20-2000HZ
CAPACIDADE DA CAIXA DE CARREGAMENTO: 250MAH
FONE DE ALTA QUALIDADE
COMPATIVEL COM TELEFONES CELULARES DAS PRINCIPAIS MARCAS IPHONE, SAMSUNG, MOTOROLA E XIAOMI.

QUALIDADE SUPERIOR

Conteudo da Embalagem
-1 Par de Fones de Ouvido Sem Fio
-1 Caixa de Carregamento
-1 Cabo de Carregamento USB/Lightning
-1 Manual de Instrucoes em Portugues"
188,https://mg.olx.com.br/belo-horizonte-e-regiao/celulares/iphone-12-pro-256gb-1064564284,"? IPhone 12 Pro - Azul pacífico. 

? 256gb
? Bateria 87%
? Nota Fiscal e Caixa.

Comprado nas Casas Bahia. 

Capinha + película.

.

Pra sair rápido.

Não está mais na garantia ?

"
189,https://mg.olx.com.br/belo-horizonte-e-regiao/celulares/iphone-6-retirada-pecas-1070422373,"IPhone 6 
Todas as peças originais
Tela off
Biometria off"
190,https://mg.olx.com.br/belo-horizonte-e-regiao/celulares/iphone-7plus-e-xbox-360-1075425665,SÓ VENDO NÃO FAÇO TROCA
191,https://mg.olx.com.br/regiao-de-juiz-de-fora/audio-tv-video-e-fotografia/roteador-1062990392,"Roteador Archer C21 TP-Link 
Wi-Fi Dual-Band AC750 5g
Novo, não cheguei a usar. "
192,https://mg.olx.com.br/regiao-de-uberlandia-e-uberaba/audio-tv-video-e-fotografia/vendo-1078094693,"Em até 10x de R$ 10,00Ver parcelas"
193,https://mg.olx.com.br/belo-horizonte-e-regiao/videogames/play-4-slim-com-hd-1-tb-e-3-jogos-1075138138,"Usado pouquíssimo estado de zero
Para pessoas exigentes "
194,https://mg.olx.com.br/belo-horizonte-e-regiao/celulares/vendo-xiaomi-note-9-1072860668,"Aparelho seminovo sem marca de uso,  tela nunca foi trocada. 

Vai na caixa com todos os acessórios originais "
195,https://mg.olx.com.br/belo-horizonte-e-regiao/computadores-e-acessorios/rx570-fonte-500w-evga-1072008728,"* Não faço troca *
placa de video rx570 4GB Gigabyte + fonte evga 500w 80plus white
com backplate e rgb
roda todos os jogos em 1080p, funcionando perfeitamente
pasta térmica trocada, media de 65°C em jogos mais pesados
*testo na hora, levo somente no metro ou Carrefour contagem br*
"
196,https://mg.olx.com.br/regiao-de-montes-claros-e-diamantina/audio-tv-video-e-fotografia/tv-samsung-tela-estragada-1077170414,"Em até 8x de R$ 10,00Ver parcelas"
197,https://mg.olx.com.br/regiao-de-montes-claros-e-diamantina/audio-tv-video-e-fotografia/2-subwofer-magnum-rex-650-rms-1077145548,"Em até 12x de R$ 33,33Ver parcelas"
198,https://mg.olx.com.br/belo-horizonte-e-regiao/celulares/redmi-9a-1076582003,"Vendo Celular Redmi 9A Novo Na Caixa,Pix ou Dinheiro Só chamar No Whats 31 ... ver número O modelo Ta com A capinha pq foi um que Vendi e Coloquei A foto Esqueci Tira a Capinha Bateria top Celular E fino Preço e Tmp limitado."
199,https://mg.olx.com.br/belo-horizonte-e-regiao/audio-tv-video-e-fotografia/som-lg-1071093220,"Em até 12x de R$ 66,67Ver parcelas"
